{
    "tests_by_mangled_function_name": {},
    "duration_by_test": {
        "tests/test_calc_class.py::test_last_answer_init": 8.269400132121518e-05,
        "tests/test_calc_class.py::test_add": 7.182600165833719e-05,
        "tests/test_calc_class.py::test_subtract": 6.496200148831122e-05,
        "tests/test_calc_class.py::test_subtract_negative": 6.0482001572381705e-05,
        "tests/test_calc_class.py::test_multiply": 6.880900036776438e-05,
        "tests/test_calc_class.py::test_divide": 5.724199945689179e-05,
        "tests/test_calc_class.py::test_divide_by_zero": 7.376499706879258e-05,
        "tests/test_calc_class.py::test_maximum[3.0-2.0-3.0]": 6.428899723687209e-05,
        "tests/test_calc_class.py::test_maximum[2.0-3.0-3.0]": 6.48179993731901e-05,
        "tests/test_calc_class.py::test_maximum[3.0-3.0-3.0]": 5.669000165653415e-05,
        "tests/test_calc_class.py::test_minimum[3.0-2.0-2.0]": 5.938899994362146e-05,
        "tests/test_calc_class.py::test_minimum[2.0-3.0-2.0]": 5.53720019524917e-05,
        "tests/test_calc_class.py::test_minimum[2.0-2.0-2.0]": 6.580099943676032e-05,
        "tests/test_calc_func.py::test_add": 5.161399894859642e-05,
        "tests/test_calc_func.py::test_subtract": 4.849600009038113e-05,
        "tests/test_calc_func.py::test_subtract_negative": 4.754099791171029e-05,
        "tests/test_calc_func.py::test_multiply": 4.579799860948697e-05,
        "tests/test_calc_func.py::test_divide": 4.802100011147559e-05,
        "tests/test_calc_func.py::test_divide_by_zero": 5.181600135983899e-05,
        "tests/test_calc_func.py::test_maximum[3.0-2.0-3.0]": 7.069399725878611e-05,
        "tests/test_calc_func.py::test_maximum[2.0-3.0-3.0]": 7.083600212354213e-05,
        "tests/test_calc_func.py::test_maximum[3.0-3.0-3.0]": 5.7090997870545834e-05,
        "tests/test_calc_func.py::test_minimum[3.0-2.0-2.0]": 5.41240005986765e-05,
        "tests/test_calc_func.py::test_minimum[2.0-3.0-2.0]": 5.881000106455758e-05,
        "tests/test_calc_func.py::test_minimum[2.0-2.0-2.0]": 5.539999983739108e-05,
        "tests/test_calc_func.py::test_logarithm_base_10": 0.0001987430005101487,
        "tests/test_calc_func.py::test_logarithm_base_e": 5.349400089471601e-05,
        "tests/test_calc_func.py::test_logarithm_invalid_base": 5.165800030226819e-05
    },
    "stats_time": 0.40599609999999997
}